html file;previous;up;home;next
index.html;;;;getting_started.gen.html
getting_started.gen.html;index.html;;index.html;table_creation.gen.html
available_examples.gen.html;index.html;;index.html;
share.gen.html;index.html;;index.html;
table_creation.gen.html;getting_started.gen.html;;index.html;template_creation.gen.html
template_creation.gen.html;table_creation.gen.html;;index.html;full_tag_reference.gen.html
full_tag_reference.gen.html;template_creation.gen.html;;index.html;command_line.gen.html
command_line.gen.html;full_tag_reference.gen.html;;index.html;command_file.gen.html
command_file.gen.html;command_line.gen.html;;index.html;command_reference.gen.html
command_reference.gen.html;command_file.gen.html;;index.html;ide_integration.gen.html
ide_integration.gen.html;command_reference.gen.html;;index.html;index.html
