Short Option Name;Option Name;Option Name Identifier;Default Value;Is Optional;Description
h;help;help;;yes;Print help.
w;wait;wait;;;Wait for keypress before exit.
t;;time;15;yes;Time to run in minutes. This option takes an unsigned int as parameter.
x;extra;extra;mode;yes;Extra value. This option takes a string as parameter.
;my-timeout;myTimeout;10.5;yes;"Large description block:

12345678901234567890123456789012345678901234567890
A      
B
C
text text text text text text text text text text text text text text text text text text 
texttexttexttexttexttexttexttexttexttexttexttexttexttexttexttexttexttexttexttexttexttexttexttext
This option takes a double as parameter."
;;;;;
;;;;;
;;;;;
